Workbook

Sheet 说明
A1: 用途 | B1: AI Radar 五人用户测试的记录与汇总。配合同目录的 USER_TEST_SCRIPT.md 使用，评分标准以脚本为准。
A2: 要填写的格子 | B2: 浅黄色格子由主持人填写；灰色格子是公式，不要改动。“记录”页第 2 行是示例，不计入汇总。
A3: 填写顺序 | B3: 1. 正式测试前完成“任务卡”页的试跑记录；2. 每场填“参与者”和“记录”；3. 现场原话记在“观察记录”；4. 全部结束后整理“问题清单”；5. “汇总”页自动计算。
A4: T1 30 秒定位 | B4: 追踪器（动态）、决策助手、证据基础设施（知识库与来源）三项，各填 0 或 1。
A5: T2 决策任务 | B5: 完成：提交任务和至少两项限制，正确说出主选与备选（或没有合格候选的原因），并说出具体下一步。部分：提交但复述错误、漏掉限制或需要具体帮助。未完成：没有提交或放弃。用时以秒计，扣除登录用时。
A6: T3 找证据 | B6: 操作数只计点击或轻触，不计滚动。180 秒未找到时“找到来源”填“否”。可达性和耗时中位数由公式计算。
A7: T4 事实辨识 | B7: 每项填 0 或 1。冲突项未出现时填“不适用”，该项不计入分母。
A8: T5 手机复查 | B8: 完成：找到结果、说对主选（或无合格候选原因）、打开一条依据。手机上重新提交的填“是”。布局问题列只在确有问题时填写，没有问题请留空：汇总按“非空”计数，填“无”会被算作有问题。
A9: SEQ | B9: 单题易用性，1 表示非常难，7 表示非常容易。
A10: 结果引用 | B10: 5 人样本只用于发现问题和比较迭代。对外引用时写明人数、日期、线上版本（buildCommit）与任务卡，不换算成百分比。

Sheet 汇总
A1: 路线图指标 | B1: 统计项 | C1: 结果 | D1: 计算方式
A2: 30 秒定位测试 | B2: 三部分全部说出的人数 | C2: =COUNTIF('记录'!F3:F7,3)&" / "&COUNT('记录'!F3:F7) | D2: T1 得分为 3 的人数 / 已测人数
B3: 平均得分（0–3） | C3: =IF(COUNT('记录'!F3:F7)=0,"",ROUND(AVERAGE('记录'!F3:F7),1)) | D3: T1 得分平均值
B4: 说出追踪器 | C4: =COUNTIF('记录'!C3:C7,1)&" / "&COUNT('记录'!C3:C7)
B5: 说出决策助手 | C5: =COUNTIF('记录'!D3:D7,1)&" / "&COUNT('记录'!D3:D7)
B6: 说出证据基础设施 | C6: =COUNTIF('记录'!E3:E7,1)&" / "&COUNT('记录'!E3:E7)
A7: 决策完成率 | B7: 完成 | C7: =COUNTIF('记录'!G3:G7,"完成")&" / "&COUNTA('记录'!G3:G7) | D7: 按 T2 评分标准
B8: 部分 | C8: =COUNTIF('记录'!G3:G7,"部分")&" / "&COUNTA('记录'!G3:G7)
B9: 未完成 | C9: =COUNTIF('记录'!G3:G7,"未完成")&" / "&COUNTA('记录'!G3:G7)
B10: 用时中位数（秒） | C10: =IF(COUNT('记录'!H3:H7)=0,"",MEDIAN('记录'!H3:H7)) | D10: 已扣除登录用时
B11: 误以为“可以试用”即效果已验证 | C11: =COUNTIF('记录'!J3:J7,"是")&" / "&COUNTA('记录'!J3:J7) | D11: 对应首次使用约定：候选资格不等于效果已证实
A12: 证据可达性 | B12: 两次操作内到达来源 | C12: =COUNTIF('记录'!O3:O7,"是")&" / "&COUNTA('记录'!L3:L7) | D12: 找到来源且操作数 ≤2
B13: 最终找到来源 | C13: =COUNTIF('记录'!L3:L7,"是")&" / "&COUNTA('记录'!L3:L7) | D13: 不限操作数，180 秒内
A14: 找证据耗时 | B14: 找到者用时中位数（秒） | C14: =IF(COUNT('记录'!P3:P7)=0,"",MEDIAN('记录'!P3:P7)) | D14: 未找到者不计入
A15: 事实辨识 | B15: 有来源事实 | C15: =COUNTIF('记录'!R3:R7,1)&" / "&COUNT('记录'!R3:R7)
B16: 系统建议（判断而非事实） | C16: =COUNTIF('记录'!S3:S7,1)&" / "&COUNT('记录'!S3:S7)
B17: 未知项 | C17: =COUNTIF('记录'!T3:T7,1)&" / "&COUNT('记录'!T3:T7)
B18: 冲突项 | C18: =COUNTIF('记录'!U3:U7,1)&" / "&COUNT('记录'!U3:U7)&"（不适用 "&COUNTIF('记录'!U3:U7,"不适用")&"）" | D18: 未出现冲突的场次不计入分母
B19: “效果待测”追问 | C19: =COUNTIF('记录'!V3:V7,1)&" / "&COUNT('记录'!V3:V7)
B20: 全部适用项合计 | C20: =SUM('记录'!W3:W7)&" / "&SUM('记录'!X3:X7) | D20: 所有场次得分之和 / 适用项之和
A21: 跨端任务完成 | B21: 手机完成 | C21: =COUNTIF('记录'!Y3:Y7,"完成")&" / "&COUNTA('记录'!Y3:Y7) | D21: 按 T5 评分标准
B22: 手机部分完成 | C22: =COUNTIF('记录'!Y3:Y7,"部分")&" / "&COUNTA('记录'!Y3:Y7)
B23: 记录到布局问题的场次 | C23: =COUNTA('记录'!AA3:AA7)&" / "&COUNTA('记录'!Y3:Y7) | D23: T5 布局问题非空即计
A24: 易用性（SEQ） | B24: T2 中位数 | C24: =IF(COUNT('记录'!K3:K7)=0,"",MEDIAN('记录'!K3:K7)) | D24: 1 非常难 – 7 非常容易
B25: T3 中位数 | C25: =IF(COUNT('记录'!Q3:Q7)=0,"",MEDIAN('记录'!Q3:Q7))
B26: T5 中位数 | C26: =IF(COUNT('记录'!AB3:AB7)=0,"",MEDIAN('记录'!AB3:AB7))
A27: 问题清单 | B27: 阻断 | C27: =COUNTIF('问题清单'!E2:E31,"阻断") | D27: 按“问题清单”页严重程度计数
B28: 严重 | C28: =COUNTIF('问题清单'!E2:E31,"严重")
B29: 轻微 | C29: =COUNTIF('问题清单'!E2:E31,"轻微")
A31: 说明 | B31: 全部为公式，随“记录”页 P1–P5 行自动更新；示例行不计入。结果以“人数 / 已测人数”表示，样本过小，不换算为百分比。

Sheet 任务卡
A1: 任务卡 | B1: 场景 | C1: 试跑日期 | D1: 线上版本 (buildCommit 前 7 位) | E1: 结果类型 | F1: 主选 | G1: 备选 | H1: 无合格候选时的原因 | I1: 依据来源示例 | J1: 到原文的操作数 | K1: 未知项示例 | L1: 是否出现冲突 | M1: 备注
A2: A | B2: 文档问答（产品、研究）
A3: B | B3: 编码工具（工程）
A4: C | B4: 私有部署（预期可能无合格候选）

Sheet 参与者
A1: 参与者 | B1: 用户类型 | C1: 测试日期 | D1: 线上版本 (buildCommit 前 7 位) | E1: 任务卡 | F1: 测试账号 | G1: 背景 1：最近一次选型 | H1: 背景 2：怎样做决定 | I1: 背景 3：最难确认的 | J1: 备注
A2: P1
A3: P2
A4: P3
A5: P4
A6: P5

Sheet 记录
A1: 参与者 | B1: 任务卡 | C1: T1 追踪器 0/1 | D1: T1 决策助手 0/1 | E1: T1 证据 0/1 | F1: T1 得分 (0–3) | G1: T2 结果 | H1: T2 用时(秒) 扣除登录 | I1: T2 登录用时(秒) | J1: T2 误以为 效果已验证 | K1: T2 SEQ 1–7 | L1: T3 找到来源 | M1: T3 操作数 | N1: T3 用时(秒) | O1: T3 可达 (≤2 次) | P1: T3 找到者用时 | Q1: T3 SEQ 1–7 | R1: T4 有来源事实 0/1 | S1: T4 系统建议 0/1 | T1: T4 未知项 0/1 | U1: T4 冲突项 0/1/不适用 | V1: T4 效果追问 0/1 | W1: T4 得分 | X1: T4 适用项数 | Y1: T5 结果 | Z1: T5 手机 重新提交 | AA1: T5 布局问题 | AB1: T5 SEQ 1–7 | AC1: 关键原话 / 备注
A2: 示例（不计入汇总） | B2: A | C2: 1 | D2: 1 | E2: 0 | F2: =IF(COUNT(C2:E2)=0,"",SUM(C2:E2)) | G2: 部分 | H2: 420 | I2: 60 | J2: 是 | K2: 4 | L2: 是 | M2: 3 | N2: 95 | O2: =IF(L2="","",IF(AND(L2="是",M2<>"",M2<=2),"是","否")) | P2: =IF(L2="是",N2,"") | Q2: 5 | R2: 1 | S2: 0 | T2: 1 | U2: 不适用 | V2: 0 | W2: =IF(COUNT(R2:V2)=0,"",SUM(R2:V2)) | X2: =IF(COUNT(R2:V2)=0,"",COUNT(R2:V2)) | Y2: 完成 | Z2: 否 | AA2: 底部导航遮住了“查看依据” | AB2: 5 | AC2: “可以试用，那就是它效果最好吧？”
A3: P1 | F3: =IF(COUNT(C3:E3)=0,"",SUM(C3:E3)) | O3: =IF(L3="","",IF(AND(L3="是",M3<>"",M3<=2),"是","否")) | P3: =IF(L3="是",N3,"") | W3: =IF(COUNT(R3:V3)=0,"",SUM(R3:V3)) | X3: =IF(COUNT(R3:V3)=0,"",COUNT(R3:V3))
A4: P2 | F4: =IF(COUNT(C4:E4)=0,"",SUM(C4:E4)) | O4: =IF(L4="","",IF(AND(L4="是",M4<>"",M4<=2),"是","否")) | P4: =IF(L4="是",N4,"") | W4: =IF(COUNT(R4:V4)=0,"",SUM(R4:V4)) | X4: =IF(COUNT(R4:V4)=0,"",COUNT(R4:V4))
A5: P3 | F5: =IF(COUNT(C5:E5)=0,"",SUM(C5:E5)) | O5: =IF(L5="","",IF(AND(L5="是",M5<>"",M5<=2),"是","否")) | P5: =IF(L5="是",N5,"") | W5: =IF(COUNT(R5:V5)=0,"",SUM(R5:V5)) | X5: =IF(COUNT(R5:V5)=0,"",COUNT(R5:V5))
A6: P4 | F6: =IF(COUNT(C6:E6)=0,"",SUM(C6:E6)) | O6: =IF(L6="","",IF(AND(L6="是",M6<>"",M6<=2),"是","否")) | P6: =IF(L6="是",N6,"") | W6: =IF(COUNT(R6:V6)=0,"",SUM(R6:V6)) | X6: =IF(COUNT(R6:V6)=0,"",COUNT(R6:V6))
A7: P5 | F7: =IF(COUNT(C7:E7)=0,"",SUM(C7:E7)) | O7: =IF(L7="","",IF(AND(L7="是",M7<>"",M7<=2),"是","否")) | P7: =IF(L7="是",N7,"") | W7: =IF(COUNT(R7:V7)=0,"",SUM(R7:V7)) | X7: =IF(COUNT(R7:V7)=0,"",COUNT(R7:V7))

Sheet 观察记录
A1: 时间 | B1: 参与者 | C1: 任务 | D1: 页面 / 区域 | E1: 观察或原话 | F1: 类型

Sheet 问题清单
A1: 编号 | B1: 问题描述 | C1: 任务 | D1: 页面 / 区域 | E1: 严重程度 | F1: 出现人数 | G1: 涉及参与者 | H1: 参与者原话 | I1: 拟修改 | J1: 复测结果
A2: I01
A3: I02
A4: I03
A5: I04
A6: I05
A7: I06
A8: I07
A9: I08
A10: I09
A11: I10
A12: I11
A13: I12
... A31: I30
